33566,33778
702651,703259
703261,704004
834358,834672
834814,835332
837525,839918
840317,843046
848349,850103
850293,852230
852532,852717
891218,892312
922405,922695
925781,926194
926191,928512
928739,931234
948067,948399
968884,970710
977352,978668
1020524,1021795
1021810,1022109
1027345,1027359
1025924,1025938
1025963,1027282
1027507,1027555
1027526,1027542
1027570,1028151
1028151,1029803
1029782,1029829
1029811,1029827
1071722,1073740
1090840,1093611
1093828,1094835
1095557,1096930
1159393,1159782
1159850,1160536
1160570,1160908
1161772,1162947
1163024,1163851
1165047,1165529
1165567,1165974
1169848,1169862
1169900,1171147
1171157,1171171
1177404,1177718
1177715,1177849
1188897,1190912
1191245,1193536
1212948,1215272
1215922,1216356
1216373,1216540
1217878,1220430
1253016,1254371
1253016,1254371
1263671,1265527
1277700,1279148
1277700,1279148
1279243,1279246
1279247,1279263
1279293,1279700
1279738,1280217
1280201,1280216
1280217,1280220
1300164,1300661
1300663,1301205
1301223,1301525
1303156,1304082
1340281,1340580
1340627,1341799
1342563,1342570
1343918,1343932
1342609,1342623
1342633,1343880
1344006,1344013
1358521,1358895
1386261,1387949
1472078,1472097
1470598,1470617
1470627,1471310
1471333,1471950
1490598,1492409
1534887,1536077
1562552,1562860
1562857,1564476
1573215,1574573
1585215,1585913
1607102,1608688
1618946,1620421
1631394,1635620
1636997,1639384
1656764,1657876
1739719,1741755
1768969,1769073
1769089,1769499
1769705,1770016
1770121,1770474
1770418,1771839
1771847,1772359
1772533,1773003
1773084,1773398
1773395,1773667
1773681,1774076
1774272,1775687
1775687,1776085
1776082,1776303
1776359,1776874
1776871,1777935
1777937,1778938
1778282,1779644
1778943,1779611
1836764,1838233
1845538,1846470
1852121,1855177
1915953,1916888
1916962,1918340
1916962,1918326
1921247,1922404
1922444,1923628
1971421,1974576
1985083,1987545
1987542,1987826
1994649,1994662
1993433,1994662
1993433,1993446
1993991,1994206
1995463,1997337
2020168,2021262
2021341,2021640
2021654,2022835
2023289,2024341
2024768,2025067
2034317,2036284
2036865,2038136
2038248,2039639
2039787,2041409
2041443,2041706
2042936,2043235
2043250,2044461
2044785,2046014
2046146,2046709
2046710,2047558
2056042,2057547
2082732,2084132
2157623,2163355
2163693,2164697
2164780,2166657
2192033,2193397
2192033,2193394
2209570,2211246
2243850,2244470
2244424,2245014
2342983,2344458
2344641,2346293
2352253,2352549
2352605,2353336
2365907,2367301
2372011,2373078
2422727,2423392
2563849,2564304
2582737,2583885
2591739,2592428
2599675,2600916
2608062,2609435
2610173,2612017
2624235,2624420
2665282,2666364
2678612,2679331
2694438,2694450
2693240,2693252
2693372,2694064
2694078,2694371
2699910,2700494
2700541,2700840
2766513,2767016
2767013,2767960
2767977,2768597
2772466,2775918
2775915,2777444
2801049,2801063
2799740,2799754
2799764,2801011
2806993,2808471
2893410,2895050
2896685,2897251
2906914,2908656
2915468,2916862
2931978,2934314
2943910,2943924
2943962,2944765
3014940,3016454
3037880,3039064
3039144,3039971
3040295,3041443
3061163,3062542
3062542,3063123
3076705,3077103
3077782,3078462
3078476,3079189
3080147,3084550
3080147,3080182
3080218,3080253
3080291,3080326
3080365,3080400
3080444,3080479
3080521,3080556
3080595,3080630
3080669,3080704
3080742,3080777
3080816,3080851
3080887,3080922
3080960,3080995
3081033,3081068
3081105,3081140
3081177,3081212
3081251,3081286
3081325,3081360
3081396,3081415
3082774,3082789
3082830,3082865
3082905,3082940
3082978,3083013
3083054,3083089
3083131,3083166
3083203,3083238
3083275,3083310
3083348,3083383
3083409,3083444
3083486,3083521
3083558,3083593
3083633,3083668
3083707,3083742
3083781,3083816
3083852,3083887
3083927,3083962
3084001,3084036
3084076,3084111
3084148,3084183
3084219,3084254
3084292,3084327
3084364,3084399
3084441,3084476
3084515,3084550
3081413,3081415
3082743,3082770
3081416,3081443
3081458,3082294
3082393,3082719
3082771,3082773
3123196,3125043
3155157,3156476
3156473,3157360
3161722,3162948
3164322,3165218
3249346,3249350
3249351,3249404
3249449,3250690
3250690,3251220
3251510,3251563
3251564,3251568
3274384,3274773
3296886,3296891
3294867,3294872
3294884,3296263
3296263,3296847
3337966,3339279
3339300,3339386
3340007,3340300
3340347,3341654
3341651,3341965
3342277,3342284
3343632,3343646
3342323,3342337
3342347,3343594
3343720,3343727
3426737,3428050
3442277,3442284
3442358,3442372
3442410,3443657
3443667,3443681
3443720,3443727
3448660,3449835
3459518,3460663
3461315,3462457
3469609,3470838
3488929,3490827
3517535,3517597
3516208,3516270
3516257,3517291
3673411,3675123
3691027,3695043
3695092,3699105
3699102,3700721
3701658,3704843
3704840,3711130
3711710,3712201
3712238,3712978
3713892,3717551
3717545,3723679
3723737,3725041
3736507,3738387
3756681,3756682
3756683,3756707
3756788,3757492
3757482,3758159
3758226,3758250
3758251,3758252
3758349,3760598
3761615,3762325
3799280,3799816
3799757,3800920
3801409,3802254
3835634,3837026
3835634,3836302
3836073,3837026
3844844,3845140
3845177,3846358
3876605,3880687
3880978,3885360
3888267,3894083
3894914,3897892
3908383,3909414
3916971,3918191
3918333,3920081
3925687,3927126
3945608,3947266
3979031,3980785
3983484,3984311
3984225,3985703
4017315,4017363
4017401,4017748
4018133,4018633
4018633,4019379
4019384,4019432
4020155,4020167
4020169,4021398
4021435,4021447
4032882,4033166
4035281,4035595
4035589,4036302
4131157,4131513
4136877,4137212
4139580,4139795
4156587,4156769
4156784,4156975
4193561,4193587
4193700,4194317
4194292,4195023
4195028,4195054
4217256,4218770
4227406,4228620
4242248,4243474
4243471,4244082
4259460,4259951
4260850,4260942
4291477,4291773
4291807,4292913
4312853,4314052
4314131,4314364
